{
    "ret": 1.374077015010872,
    "mtx": [
        [
            499.50270628358874,
            0.0,
            350.236323651578
        ],
        [
            0.0,
            495.9886395813292,
            246.7141573989472
        ],
        [
            0.0,
            0.0,
            1.0
        ]
    ],
    "dist": [
        [
            -0.03852858756591724,
            0.02215253087701112,
            0.0032304666094199568,
            0.017482697654987764,
            -0.0036995936887431248
        ]
    ],
    "rvecs": [
        [
            [
                -0.07608208556549484
            ],
            [
                -0.03720688250735011
            ],
            [
                0.09481333246452149
            ]
        ],
        [
            [
                -0.5998959105703673
            ],
            [
                0.2867532059111408
            ],
            [
                -0.05612203778681697
            ]
        ],
        [
            [
                0.5145360832626517
            ],
            [
                0.3257987254121527
            ],
            [
                -0.16175354233357458
            ]
        ],
        [
            [
                -0.05426694507686989
            ],
            [
                0.656339179148725
            ],
            [
                0.007341327081003358
            ]
        ],
        [
            [
                0.32141660158981916
            ],
            [
                -0.18983684610990267
            ],
            [
                0.04300897385531617
            ]
        ],
        [
            [
                0.16237476987756724
            ],
            [
                -0.6020224519022634
            ],
            [
                -0.14393165064817307
            ]
        ],
        [
            [
                -0.1532621059008184
            ],
            [
                0.7431153047202201
            ],
            [
                -0.09969844023267972
            ]
        ]
    ],
    "tvecs": [
        [
            [
                -0.12945003551105252
            ],
            [
                -0.0586997222265689
            ],
            [
                0.3499905172794292
            ]
        ],
        [
            [
                -0.19536295776732554
            ],
            [
                0.006908546274398639
            ],
            [
                0.4819799479684364
            ]
        ],
        [
            [
                -0.22393692438314805
            ],
            [
                -0.024192777455203037
            ],
            [
                0.33425831578381704
            ]
        ],
        [
            [
                -0.14915396130422803
            ],
            [
                -0.07224678273202279
            ],
            [
                0.45835704559277574
            ]
        ],
        [
            [
                -0.14283750476371138
            ],
            [
                -0.0925297304182637
            ],
            [
                0.31936076487383036
            ]
        ],
        [
            [
                -0.17513629508919973
            ],
            [
                -0.04830039476546643
            ],
            [
                0.27875824326993537
            ]
        ],
        [
            [
                -0.19960326527960273
            ],
            [
                -0.013093603203238885
            ],
            [
                0.4746085188128296
            ]
        ]
    ]
}